Post Title,Author,Timestamp,Comments Count,Upvotes
I created this Tic Tac Toe game project out of my passion for web development and to enhance my skills in front-end technologies. I hope you enjoy playing the game as much as I enjoyed building it!,ramazancetinkaya,2023-11-22T17:50:17.000Z,1,3
Everything You Need to Know About Micro Frontends,sdxyz42,2023-11-22T15:50:08.000Z,0,1
Why we dont like TDD.,OuPeaNut,2023-11-22T11:16:39.000Z,17,8
"WTF Wednesday (November 22, 2023)",AutoModerator,2023-11-22T08:00:19.000Z,1,2
Observe changes to the DOM using an async iterable,sindresorhus,2023-11-21T21:05:01.000Z,4,16
This is a music from public transport traffic,Interesting-Bed-4355,2023-11-21T20:08:11.000Z,0,0
Convert Images to WebP Format Follow These Steps,TechieBundle,2023-11-21T18:58:43.000Z,0,0
JSXinput: Better gamepad support for web browsers,Dekropotence,2023-11-21T14:10:49.000Z,11,2
Using Vitest bench to track performance regressions in your CI,toodarktoshine,2023-11-21T13:52:50.000Z,0,10
requestAnimationFrame as an async iterable,sindresorhus,2023-11-21T12:23:27.000Z,23,11
[AskJS] How can I retrieve data in Prisma with PascalCase method?,Dev_Albert,2023-11-21T11:55:52.000Z,4,0
"npx gen-subs: Multi-language subtitle generation for videos with on-device machine learning models, zero internet dependency",tejaskumarlol,2023-11-20T23:01:20.000Z,2,6
Integrate ChatGPT with WhatsApp Using Node.js (JavaScript),TechieBundle,2023-11-20T18:57:08.000Z,1,2
Announcing TypeScript 5.3,DanielRosenwasser,2023-11-20T17:42:18.000Z,0,39
Want to work with RDF graphs in real-time?,megothDev,2023-11-20T15:15:47.000Z,1,5
[AskJS] OOP and FP in Vue/frontend projects,MirasMustimov,2023-11-20T11:59:21.000Z,13,0
We updated our javascript game based on your feedback. What do you think about the improved tutorial and the result in general? You can try it on tracesoccer.io,nevolane,2023-11-20T08:20:11.000Z,7,9
ModelFusion: an open-source TypeScript library for building multi-modal AI applications,lgrammel,2023-11-19T16:19:52.000Z,0,16
AI mentor for JavaScript developers (GPT-4),HospitalSouthern1749,2023-11-19T10:31:54.000Z,3,0
[AskJS] What JavaScript engines and runtimes do you continuously test and experiment with?,guest271314,2023-11-19T00:58:12.000Z,70,2
JSON to CSV Convert and Download File ( JavaScript ),TechieBundle,2023-11-18T23:00:58.000Z,0,0
[AskJS] Where is everyone putting their class fields?,jespertheend,2023-11-18T22:55:52.000Z,24,5
[AskJS] Would Clojure learning materials targeted to JS/TS developers be helpful?,t-vaisanen,2023-11-18T13:36:12.000Z,11,7
"Showoff Saturday (November 18, 2023)",AutoModerator,2023-11-18T08:00:18.000Z,5,5
[AskJS] JSDoc for Proxy Objects?,snotreallyme,2023-11-18T00:01:45.000Z,2,4
